Parameters,Values
A12,120.31944
B12,-14250.0
A13,-0.01287
B13,-0.04767
